"Unix_Time","Real_Data","Predicted_data"
1441715646,0,0
1441717446,0,0
1441719246,0,0
1441721046,0,0
1441722846,0,0
1441724646,0,0
1441726446,0,0
1441728246,0,0
1441730046,0,0
1441731846,0,0
1441733646,0,0
1441735446,0,0
1441737246,0,0
1441739046,0,0
1441740846,0,0
1441742646,0,0
1441744446,0,0
1441746246,0,0
1441748046,0,0
1441749846,0,0
1441751646,0,0
1441753446,0,0
1441755246,0,0
1441757046,0,0
1441758846,0,0
1441760646,0,0
1441762446,0,0
1441764246,0,0
1441766046,0,0
1441767846,0,0
1441769646,0,0
1441771446,0,0
1441773246,0,0
1441775046,0,0
1441776846,0,0
1441778646,0,0
1441780446,0,0
1441782246,0,0
1441784046,0,0
1441785846,0,0
1441787646,0,0
1441789446,0,0
1441791246,0,0
1441793046,0,0
1441794846,0,0
1441796646,0,0
1441798446,0,0
1441800246,0,0
1441802046,0,0
1441803846,0,0
1441805646,0,0
1441807446,0,0
1441809246,0,0
1441811046,0,0
1441812846,0,0
1441814646,0,0
1441816446,0,0
1441818246,0,0
1441820046,0,0
1441821846,0,0
1441823646,0,0
1441825446,0,0
1441827246,0,0
1441829046,0,0
1441830846,0,0
1441832646,0,0
1441834446,0,0
1441836246,0,0
1441838046,0,0
1441839846,0,0
1441841646,0,0
1441843446,0,0
1441845246,0,0
1441847046,0,0
1441848846,0,0
1441850646,0,0
1441852446,0,0
1441854246,0,0
1441856046,0,0
1441857846,0,0
1441859646,0,0
1441861446,0,0
1441863246,0,0
1441865046,0,0
1441866846,0,0
1441868646,0,0
1441870446,0,0
1441872246,0,0
1441874046,0,0
1441875846,0,0
1441877646,0,0
1441879446,0,0
1441881246,0,0
1441883046,0,0
1441884846,0,0
1441886646,0,0
1441888446,0,0
1441890246,0,0
1441892046,0,0
1441893846,0,0
1441895646,0,0
1441897446,0,0
1441899246,0,0
1441901046,0,0
1441902846,0,0
1441904646,0,0
1441906446,0,0
1441908246,0,0
1441910046,0,0
1441911846,0,0
1441913646,0,0
1441915446,0,0
1441917246,0,0
1441919046,0,0
1441920846,0,0
1441922646,0,0
1441924446,0,0
1441926246,0,0
1441928046,0,0
1441929846,0,0
1441931646,0,0
1441933446,0,0
1441935246,0,0
1441937046,0,0
1441938846,0,0
1441940646,0,0
1441942446,0,0
1441944246,0,0
1441946046,0,0
1441947846,0,0
1441949646,0,0
1441951446,0,0
1441953246,0,0
1441955046,0,0
1441956846,0,0
1441958646,0,0
1441960446,0,0
1441962246,0,0
1441964046,0,0
1441965846,0,0
1441967646,0,0
1441969446,0,0
1441971246,0,0
1441973046,0,0
1441974846,0,0
1441976646,0,0
1441978446,0,0
1441980246,0,0
1441982046,0,0
1441983846,0,0
1441985646,0,0
1441987446,0,0
1441989246,0,0
1441991046,0,0
1441992846,0,0
1441994646,0,0
1441996446,0,0
1441998246,0,0
1442000046,0,0
1442001846,0,0
1442003646,0,0
1442005446,0,0
1442007246,0,0
1442009046,0,0
1442010846,0,0
1442012646,0,0
1442014446,0,0
1442016246,0,0
1442018046,0,0
1442019846,0,0
1442021646,0,0
1442023446,0,0
1442025246,0,0
1442027046,0,0
1442028846,0,0
1442030646,0,0
1442032446,0,0
1442034246,0,0
1442036046,0,0
1442037846,0,0
1442039646,0,0
1442041446,0,0
1442043246,0,0
1442045046,0,0
1442046846,0,0
1442048646,0,0
1442050446,0,0
1442052246,0,0
1442054046,0,0
1442055846,0,0
1442057646,0,0
1442059446,0,0
1442061246,0,0
1442063046,0,0
1442064846,0,0
1442066646,0,0
1442068446,0,0
1442070246,0,0
1442072046,0,0
1442073846,0,0
1442075646,0,0
1442077446,0,0
1442079246,0,0
1442081046,0,0
1442082846,0,0
1442084646,0,0
1442086446,0,0
1442088246,0,0
1442090046,0,0
1442091846,0,0
1442093646,0,0
1442095446,0,0
1442097246,0,0
1442099046,0,0
1442100846,0,0
1442102646,0,0
1442104446,0,0
1442106246,0,0
1442108046,0,0
1442109846,0,0
1442111646,0,0
1442113446,0,0
1442115246,0,0
1442117046,0,0
1442118846,0,0
1442120646,0,0
1442122446,0,0
1442124246,0,0
1442126046,0,0
1442127846,0,0
1442129646,0,0
1442131446,0,0
1442133246,0,0
1442135046,0,0
1442136846,0,0
1442138646,0,0
1442140446,0,0
1442142246,0,0
1442144046,0,0
1442145846,0,0
1442147646,0,0
1442149446,0,0
1442151246,0,0
1442153046,0,0
1442154846,0,0
1442156646,0,0
1442158446,0,0
1442160246,0,0
1442162046,0,0
1442163846,0,0
1442165646,0,0
1442167446,0,0
1442169246,0,0
1442171046,0,0
1442172846,0,0
1442174646,0,0
1442176446,0,0
1442178246,0,0
1442180046,0,0
1442181846,0,0
1442183646,0,0
1442185446,0,0
1442187246,0,0
1442189046,0,0
1442190846,0,0
1442192646,0,0
1442194446,0,0
1442196246,0,0
1442198046,0,0
1442199846,0,0
1442201646,0,0
1442203446,0,0
1442205246,0,0
1442207046,0,0
1442208846,0,0
1442210646,0,0
1442212446,0,0
1442214246,0,0
1442216046,0,0
1442217846,0,0
1442219646,0,0
1442221446,0,0
1442223246,0,0
1442225046,0,0
1442226846,0,0
1442228646,0,0
1442230446,0,0
1442232246,0,0
1442234046,0,0
1442235846,0,0
1442237646,0,0
1442239446,0,0
1442241246,0,0
1442243046,0,0
1442244846,0,0
1442246646,0,0
1442248446,0,0
1442250246,0,0
1442252046,0,0
1442253846,0,0
1442255646,0,0
1442257446,0,0
1442259246,0,0
1442261046,0,0
1442262846,0,0
1442264646,0,0
1442266446,0,0
1442268246,0,0
1442270046,0,0
1442271846,0,0
1442273646,0,0
1442275446,0,0
1442277246,0,0
1442279046,0,0
1442280846,0,0
1442282646,0,0
1442284446,0,0
1442286246,0,0
1442288046,0,0
1442289846,0,0
1442291646,0,0
1442293446,0,0
1442295246,0,0
1442297046,0,0
1442298846,0,0
1442300646,0,0
1442302446,0,0
1442304246,0,0
1442306046,0,0
1442307846,0,0
1442309646,0,0
1442311446,0,0
1442313246,0,0
1442315046,0,0
1442316846,0,0
1442318646,0,0
1442320446,0,0
1442322246,0,0
1442324046,0,0
1442325846,0,0
1442327646,0,0
1442329446,0,0
1442331246,0,0
1442333046,0,0
1442334846,0,0
1442336646,0,0
1442338446,0,0
1442340246,0,0
1442342046,0,0
1442343846,0,0
1442345646,0,0
1442347446,0,0
1442349246,0,0
1442351046,0,0
1442352846,0,0
1442354646,0,0
1442356446,0,0
1442358246,0,0
1442360046,0,0
1442361846,0,0
1442363646,0,0
1442365446,0,0
1442367246,0,0
1442369046,0,0
1442370846,0,0
1442372646,0,0
1442374446,0,0
1442376246,0,0
1442378046,0,0
1442379846,0,0
1442381646,0,0
1442383446,0,0
1442385246,0,0
1442387046,0,0
1442388846,0,0
1442390646,0,0
1442392446,0,0
1442394246,0,0
1442396046,0,0
1442397846,0,0
1442399646,0,0
1442401446,0,0
1442403246,0,0
1442405046,0,0
1442406846,0,0
1442408646,0,0
1442410446,0,0
1442412246,0,0
1442414046,0,0
1442415846,0,0
1442417646,0,0
1442419446,0,0
1442421246,0,0
1442423046,0,0
1442424846,0,0
1442426646,0,0
1442428446,0,0
1442430246,0,0
1442432046,0,0
1442433846,0,0
1442435646,0,0
1442437446,0,0
1442439246,0,0
1442441046,0,0
1442442846,0,0
1442444646,0,0
1442446446,0,0
1442448246,0,0
1442450046,0,0
1442451846,0,0
1442453646,0,0
1442455446,0,0
1442457246,0,0
1442459046,0,0
1442460846,0,0
1442462646,0,0
1442464446,0,0
1442466246,0,0
1442468046,0,0
1442469846,0,0
1442471646,0,0
1442473446,0,0
1442475246,0,0
1442477046,0,0
1442478846,0,0
1442480646,0,0
1442482446,0,0
1442484246,0,0
1442486046,0,0
1442487846,0,0
1442489646,0,0
1442491446,0,0
1442493246,0,0
1442495046,0,0
1442496846,0,0
1442498646,0,0
1442500446,0,0
1442502246,0,0
1442504046,0,0
1442505846,0,0
1442507646,0,0
1442509446,0,0
1442511246,0,0
1442513046,0,0
1442514846,0,0
1442516646,0,0
1442518446,0,0
1442520246,0,0
1442522046,0,0
1442523846,0,0
1442525646,0,0
1442527446,0,0
1442529246,0,0
1442531046,0,0
1442532846,0,0
1442534646,0,0
1442536446,0,0
1442538246,0,0
1442540046,0,0
1442541846,0,0
1442543646,0,0
1442545446,0,0
1442547246,0,0
1442549046,0,0
1442550846,0,0
1442552646,0,0
1442554446,0,0
1442556246,0,0
1442558046,0,0
1442559846,0,0
1442561646,0,0
1442563446,0,0
1442565246,0,0
1442567046,0,0
1442568846,0,0
1442570646,0,0
1442572446,0,0
1442574246,0,0
1442576046,0,0
1442577846,0,0
1442579646,0,0
1442581446,0,0
1442583246,0,0
1442585046,0,0
1442586846,0,0
1442588646,0,0
1442590446,0,0
1442592246,0,0
1442594046,0,0
1442595846,0,0
1442597646,0,0
1442599446,0,0
1442601246,0,0
1442603046,0,0
1442604846,0,0
1442606646,0,0
1442608446,0,0
1442610246,0,0
1442612046,0,0
1442613846,0,0
1442615646,0,0
1442617446,0,0
1442619246,0,0
1442621046,0,0
1442622846,0,0
1442624646,0,0
1442626446,0,0
1442628246,0,0
1442630046,0,0
1442631846,0,0
1442633646,0,0
1442635446,0,0
1442637246,0,0
1442639046,0,0
1442640846,0,0
1442642646,0,0
1442644446,0,0
1442646246,0,0
1442648046,0,0
1442649846,0,0
1442651646,0,0
1442653446,0,0
1442655246,0,0
1442657046,0,0
1442658846,0,0
1442660646,0,0
1442662446,0,0
1442664246,0,0
1442666046,0,0
1442667846,0,0
1442669646,0,0
1442671446,0,0
1442673246,0,0
1442675046,0,0
1442676846,0,0
1442678646,0,0
1442680446,0,0
1442682246,0,0
1442684046,0,0
1442685846,0,0
1442687646,0,0
1442689446,0,0
1442691246,0,0
1442693046,0,0
1442694846,0,0
1442696646,0,0
1442698446,0,0
1442700246,0,0
1442702046,0,0
1442703846,0,0
1442705646,0,0
1442707446,0,0
1442709246,0,0
1442711046,0,0
1442712846,0,0
1442714646,0,0
1442716446,0,0
1442718246,0,0
1442720046,0,0
1442721846,0,0
1442723646,0,0
1442725446,0,0
1442727246,0,0
1442729046,0,0
1442730846,0,0
1442732646,0,0
1442734446,0,0
1442736246,0,0
1442738046,0,0
1442739846,0,0
1442741646,0,0
1442743446,0,0
1442745246,0,0
1442747046,0,0
1442748846,0,0
1442750646,0,0
1442752446,0,0
1442754246,0,0
1442756046,0,0
1442757846,0,0
1442759646,0,0
1442761446,0,0
1442763246,0,0
1442765046,0,0
1442766846,0,0
1442768646,0,0
1442770446,0,0
1442772246,0,0
1442774046,0,0
1442775846,0,0
1442777646,0,0
1442779446,0,0
1442781246,0,0
1442783046,0,0
1442784846,0,0
1442786646,0,0
1442788446,0,0
1442790246,0,0
1442792046,0,0
1442793846,0,0
1442795646,0,0
1442797446,0,0
1442799246,0,0
1442801046,0,0
1442802846,0,0
1442804646,0,0
1442806446,0,0
1442808246,0,0
1442810046,0,0
1442811846,0,0
1442813646,0,0
1442815446,0,0
1442817246,0,0
1442819046,0,0
1442820846,0,0
1442822646,0,0
1442824446,0,0
1442826246,0,0
1442828046,0,0
1442829846,0,0
1442831646,0,0
1442833446,0,0
1442835246,0,0
1442837046,0,0
1442838846,0,0
1442840646,0,0
1442842446,0,0
1442844246,0,0
1442846046,0,0
1442847846,0,0
1442849646,0,0
1442851446,0,0
1442853246,0,0
1442855046,0,0
1442856846,0,0
1442858646,0,0
1442860446,0,0
1442862246,0,0
1442864046,0,0
1442865846,0,0
1442867646,0,0
1442869446,0,0
1442871246,0,0
1442873046,0,0
1442874846,0,0
1442876646,0,0
1442878446,0,0
1442880246,0,0
1442882046,0,0
1442883846,0,0
1442885646,0,0
1442887446,0,0
1442889246,0,0
1442891046,0,0
1442892846,0,0
1442894646,0,0
1442896446,0,0
1442898246,0,0
1442900046,0,0
1442901846,0,0
1442903646,0,0
1442905446,0,0
1442907246,0,0
1442909046,0,0
1442910846,0,0
1442912646,0,0
1442914446,0,0
1442916246,0,0
1442918046,0,0
1442919846,0,0
1442921646,0,0
1442923446,0,0
1442925246,0,0
1442927046,0,0
1442928846,0,0
1442930646,0,0
1442932446,0,0
1442934246,0,0
1442936046,0,0
1442937846,0,0
1442939646,0,0
1442941446,0,0
1442943246,0,0
1442945046,0,0
1442946846,0,0
1442948646,0,0
1442950446,0,0
1442952246,0,0
1442954046,0,0
1442955846,0,0
1442957646,0,0
1442959446,0,0
1442961246,0,0
1442963046,0,0
1442964846,0,0
1442966646,0,0
1442968446,0,0
1442970246,0,0
1442972046,0,0
1442973846,0,0
1442975646,0,0
1442977446,0,0
1442979246,0,0
1442981046,0,0
1442982846,0,0
1442984646,0,0
1442986446,0,0
1442988246,0,0
1442990046,0,0
1442991846,0,0
1442993646,0,0
1442995446,0,0
1442997246,0,0
1442999046,0,0
1443000846,0,0
1443002646,0,0
1443004446,0,0
1443006246,0,0
1443008046,0,0
1443009846,0,0
1443011646,0,0
1443013446,0,0
1443015246,0,0
1443017046,0,0
1443018846,0,0
1443020646,0,0
1443022446,0,0
1443024246,0,0
1443026046,0,0
1443027846,0,0
1443029646,0,0
1443031446,0,0
1443033246,0,0
1443035046,0,0
1443036846,0,0
1443038646,0,0
1443040446,0,0
1443042246,0,0
1443044046,0,0
1443045846,0,0
1443047646,0,0
1443049446,0,0
1443051246,0,0
1443053046,0,0
1443054846,0,0
1443056646,0,0
1443058446,0,0
1443060246,0,0
1443062046,0,0
1443063846,0,0
1443065646,0,0
1443067446,0,0
1443069246,0,0
1443071046,0,0
1443072846,0,0
1443074646,0,0
1443076446,0,0
1443078246,0,0
1443080046,0,0
1443081846,0,0
1443083646,0,0
1443085446,0,0
1443087246,0,0
1443089046,0,0
1443090846,0,0
1443092646,0,0
1443094446,0,0
1443096246,0,0
1443098046,0,0
1443099846,0,0
1443101646,0,0
1443103446,0,0
1443105246,0,0
1443107046,0,0
1443108846,0,0
1443110646,0,0
1443112446,0,0
1443114246,0,0
1443116046,0,0
1443117846,0,0
1443119646,0,0
1443121446,0,0
1443123246,0,0
1443125046,0,0
1443126846,0,0
1443128646,0,0
1443130446,0,0
1443132246,0,0
1443134046,0,0
1443135846,0,0
1443137646,0,0
1443139446,0,0
1443141246,0,0
1443143046,0,0
1443144846,0,0
1443146646,0,0
1443148446,0,0
1443150246,0,0
1443152046,0,0
1443153846,0,0
1443155646,0,0
1443157446,0,0
1443159246,0,0
1443161046,0,0
1443162846,0,0
1443164646,0,0
1443166446,0,0
1443168246,0,0
1443170046,0,0
1443171846,0,0
1443173646,0,0
1443175446,0,0
1443177246,0,0
1443179046,0,0
1443180846,0,0
1443182646,0,0
1443184446,0,0
1443186246,0,0
1443188046,0,0
1443189846,0,0
1443191646,0,0
1443193446,0,0
1443195246,0,0
1443197046,0,0
1443198846,0,0
1443200646,0,0
1443202446,0,0
1443204246,0,0
1443206046,0,0
1443207846,0,0
1443209646,0,0
1443211446,0,0
1443213246,0,0
1443215046,0,0
1443216846,0,0
1443218646,0,0
1443220446,0,0
1443222246,0,0
1443224046,0,0
1443225846,0,0
1443227646,0,0
1443229446,0,0
1443231246,0,0
1443233046,0,0
1443234846,0,0
1443236646,0,0
1443238446,0,0
1443240246,0,0
1443242046,0,0
1443243846,0,0
1443245646,0,0
1443247446,0,0
1443249246,0,0
1443251046,0,0
1443252846,0,0
1443254646,0,0
1443256446,0,0
1443258246,0,0
1443260046,0,0
1443261846,0,0
1443263646,0,0
1443265446,0,0
1443267246,0,0
1443269046,0,0
1443270846,0,0
1443272646,0,0
1443274446,0,0
1443276246,0,0
1443278046,0,0
1443279846,0,0
1443281646,0,0
1443283446,0,0
1443285246,0,0
1443287046,0,0
1443288846,0,0
1443290646,0,0
1443292446,0,0
1443294246,0,0
1443296046,0,0
1443297846,0,0
1443299646,0,0
1443301446,0,0
1443303246,0,0
1443305046,0,0
1443306846,0,0
1443308646,0,0
1443310446,0,0
1443312246,0,0
1443314046,0,0
1443315846,0,0
1443317646,0,0
1443319446,0,0
1443321246,0,0
1443323046,0,0
1443324846,0,0
1443326646,0,0
1443328446,0,0
1443330246,0,0
1443332046,0,0
1443333846,0,0
1443335646,0,0
1443337446,0,0
1443339246,0,0
1443341046,0,0
1443342846,0,0
1443344646,0,0
1443346446,0,0
1443348246,0,0
1443350046,0,0
1443351846,0,0
1443353646,0,0
1443355446,0,0
1443357246,0,0
1443359046,0,0
1443360846,0,0
1443362646,0,0
1443364446,0,0
1443366246,0,0
1443368046,0,0
1443369846,0,0
1443371646,0,0
1443373446,0,0
1443375246,0,0
1443377046,0,0
1443378846,0,0
1443380646,0,0
1443382446,0,0
1443384246,0,0
1443386046,0,0
1443387846,0,0
1443389646,0,0
1443391446,0,0
1443393246,0,0
1443395046,0,0
1443396846,0,0
1443398646,0,0
1443400446,0,0
1443402246,0,0
1443404046,0,0
1443405846,0,0
1443407646,0,0
1443409446,0,0
1443411246,0,0
1443413046,0,0
1443414846,0,0
1443416646,0,0
1443418446,0,0
1443420246,0,0
1443422046,0,0
1443423846,0,0
1443425646,0,0
1443427446,0,0
1443429246,0,0
1443431046,0,0
1443432846,0,0
1443434646,0,0
1443436446,0,0
1443438246,0,0
1443440046,0,0
1443441846,0,0
1443443646,0,0
1443445446,0,0
1443447246,0,0
1443449046,0,0
1443450846,0,0
1443452646,0,0
1443454446,0,0
1443456246,0,0
1443458046,0,0
1443459846,0,0
1443461646,0,0
1443463446,0,0
1443465246,0,0
1443467046,0,0
1443468846,0,0
1443470646,0,0
1443472446,0,0
1443474246,0,0
1443476046,0,0
1443477846,0,0
1443479646,0,0
1443481446,0,0
1443483246,0,0
1443485046,0,0
1443486846,0,0
1443488646,0,0
1443490446,0,0
1443492246,0,0
1443494046,0,0
1443495846,0,0
1443497646,0,0
1443499446,0,0
1443501246,0,0
1443503046,0,0
1443504846,0,0
1443506646,0,0
1443508446,0,0
1443510246,0,0
1443512046,0,0
1443513846,0,0
1443515646,0,0
1443517446,0,0
1443519246,0,0
1443521046,0,0
1443522846,0,0
1443524646,0,0
1443526446,0,0
1443528246,0,0
1443530046,0,0
1443531846,0,0
1443533646,0,0
1443535446,0,0
1443537246,0,0
1443539046,0,0
1443540846,0,0
1443542646,0,0
1443544446,0,0
1443546246,0,0
1443548046,0,0
1443549846,0,0
1443551646,0,0
1443553446,0,0
1443555246,0,0
1443557046,0,0
1443558846,0,0
1443560646,0,0
1443562446,0,0
1443564246,0,0
1443566046,0,0
1443567846,0,0
1443569646,0,0
1443571446,0,0
1443573246,0,0
1443575046,0,0
1443576846,0,0
1443578646,0,0
1443580446,0,0
1443582246,0,0
1443584046,0,0
1443585846,0,0
1443587646,0,0
1443589446,0,0
1443591246,0,0
1443593046,0,0
1443594846,0,0
1443596646,0,0
1443598446,0,0
1443600246,0,0
1443602046,0,0
1443603846,0,0
1443605646,0,0
1443607446,0,0
1443609246,0,0
1443611046,0,0
1443612846,0,0
1443614646,0,0
1443616446,0,0
1443618246,0,0
1443620046,0,0
1443621846,0,0
1443623646,0,0
1443625446,0,0
1443627246,0,0
1443629046,0,0
1443630846,0,0
1443632646,0,0
1443634446,0,0
1443636246,0,0
1443638046,0,0
1443639846,0,0
1443641646,0,0
1443643446,0,0
1443645246,0,0
1443647046,0,0
1443648846,0,0
1443650646,0,0
1443652446,0,0
1443654246,0,0
1443656046,0,0
1443657846,0,0
1443659646,0,0
1443661446,0,0
1443663246,0,0
1443665046,0,0
1443666846,0,0
1443668646,0,0
1443670446,0,0
1443672246,0,0
1443674046,0,0
1443675846,0,0
1443677646,0,0
1443679446,0,0
1443681246,0,0
1443683046,0,0
1443684846,0,0
1443686646,0,0
1443688446,0,0
1443690246,0,0
1443692046,0,0
1443693846,0,0
1443695646,0,0
1443697446,0,0
1443699246,0,0
1443701046,0,0
1443702846,0,0
1443704646,0,0
1443706446,0,0
1443708246,0,0
1443710046,0,0
1443711846,0,0
1443713646,0,0
1443715446,0,0
1443717246,0,0
1443719046,0,0
1443720846,0,0
1443722646,0,0
1443724446,0,0
1443726246,0,0
1443728046,0,0
1443729846,0,0
1443731646,0,0
1443733446,0,0
1443735246,0,0
1443737046,0,0
1443738846,0,0
1443740646,0,0
1443742446,0,0
1443744246,0,0
1443746046,0,0
1443747846,0,0
1443749646,0,0
1443751446,0,0
1443753246,0,0
1443755046,0,0
1443756846,0,0
1443758646,0,0
1443760446,0,0
1443762246,0,0
1443764046,0,0
1443765846,0,0
1443767646,0,0
1443769446,0,0
1443771246,0,0
1443773046,0,0
1443774846,0,0
1443776646,0,0
1443778446,0,0
1443780246,0,0
1443782046,0,0
1443783846,0,0
1443785646,0,0
1443787446,0,0
1443789246,0,0
1443791046,0,0
1443792846,0,0
1443794646,0,0
1443796446,0,0
1443798246,0,0
1443800046,0,0
1443801846,0,0
1443803646,0,0
1443805446,0,0
1443807246,0,0
1443809046,0,0
1443810846,0,0
1443812646,0,0
1443814446,0,0
1443816246,0,0
1443818046,0,0
1443819846,0,0
1443821646,0,0
1443823446,0,0
1443825246,0,0
1443827046,0,0
1443828846,0,0
1443830646,0,0
1443832446,0,0
1443834246,0,0
1443836046,0,0
1443837846,0,0
1443839646,0,0
1443841446,0,0
1443843246,0,0
1443845046,0,0
1443846846,0,0
1443848646,0,0
1443850446,0,0
1443852246,0,0
1443854046,0,0
1443855846,0,0
1443857646,0,0
1443859446,0,0
1443861246,0,0
1443863046,0,0
1443864846,0,0
1443866646,0,0
1443868446,0,0
1443870246,0,0
1443872046,0,0
1443873846,0,0
1443875646,0,0
1443877446,0,0
1443879246,0,0
1443881046,0,0
1443882846,0,0
1443884646,0,0
1443886446,0,0
1443888246,0,0
1443890046,0,0
1443891846,0,0
1443893646,0,0
1443895446,0,0
1443897246,0,0
1443899046,0,0
1443900846,0,0
1443902646,0,0
1443904446,0,0
1443906246,0,0
1443908046,0,0
1443909846,0,0
1443911646,0,0
1443913446,0,0
1443915246,0,0
1443917046,0,0
1443918846,0,0
1443920646,0,0
1443922446,0,0
1443924246,0,0
1443926046,0,0
1443927846,0,0
1443929646,0,0
1443931446,0,0
1443933246,0,0
1443935046,0,0
1443936846,0,0
1443938646,0,0
1443940446,0,0
1443942246,0,0
1443944046,0,0
1443945846,0,0
1443947646,0,0
1443949446,0,0
1443951246,0,0
1443953046,0,0
1443954846,0,0
1443956646,0,0
1443958446,0,0
1443960246,0,0
1443962046,0,0
1443963846,0,0
1443965646,0,0
1443967446,0,0
1443969246,0,0
1443971046,0,0
1443972846,0,0
1443974646,0,0
1443976446,0,0
1443978246,0,0
1443980046,0,0
1443981846,0,0
1443983646,0,0
1443985446,0,0
1443987246,0,0
1443989046,0,0
1443990846,0,0
1443992646,0,0
1443994446,0,0
1443996246,0,0
1443998046,0,0
1443999846,0,0
1444001646,0,0
1444003446,0,0
1444005246,0,0
1444007046,0,0
1444008846,0,0
1444010646,0,0
1444012446,0,0
1444014246,0,0
1444016046,0,0
1444017846,0,0
1444019646,0,0
1444021446,0,0
1444023246,0,0
1444025046,0,0
1444026846,0,0
1444028646,0,0
1444030446,0,0
1444032246,0,0
1444034046,0,0
1444035846,0,0
1444037646,0,0
1444039446,0,0
1444041246,0,0
1444043046,0,0
1444044846,0,0
1444046646,0,0
1444048446,0,0
1444050246,0,0
1444052046,0,0
1444053846,0,0
1444055646,0,0
1444057446,0,0
1444059246,0,0
1444061046,0,0
1444062846,0,0
1444064646,0,0
1444066446,0,0
1444068246,0,0
1444070046,0,0
1444071846,0,0
1444073646,0,0
1444075446,0,0
1444077246,0,0
1444079046,0,0
1444080846,0,0
1444082646,0,0
1444084446,0,0
1444086246,0,0
1444088046,0,0
1444089846,0,0
1444091646,0,0
1444093446,0,0
1444095246,0,0
1444097046,0,0
1444098846,0,0
1444100646,0,0
1444102446,0,0
1444104246,0,0
1444106046,0,0
1444107846,0,0
1444109646,0,0
1444111446,0,0
1444113246,0,0
1444115046,0,0
1444116846,0,0
1444118646,0,0
1444120446,0,0
1444122246,0,0
1444124046,0,0
1444125846,0,0
1444127646,0,0
1444129446,0,0
1444131246,0,0
1444133046,0,0
1444134846,0,0
1444136646,0,0
1444138446,0,0
1444140246,0,0
1444142046,0,0
1444143846,0,0
1444145646,0,0
1444147446,0,0
1444149246,0,0
1444151046,0,0
1444152846,0,0
1444154646,0,0
1444156446,0,0
1444158246,0,0
1444160046,0,0
1444161846,0,0
1444163646,0,0
1444165446,0,0
1444167246,0,0
1444169046,0,0
1444170846,0,0
1444172646,0,0
1444174446,0,0
1444176246,0,0
1444178046,0,0
1444179846,0,0
1444181646,0,0
1444183446,0,0
1444185246,0,0
1444187046,0,0
1444188846,0,0
1444190646,0,0
1444192446,0,0
1444194246,0,0
1444196046,0,0
1444197846,0,0
1444199646,0,0
1444201446,0,0
1444203246,0,0
1444205046,0,0
1444206846,0,0
1444208646,1.45111111111111,1.45111111111111
1444210446,2,2
1444212246,2,2
1444214046,2,2
1444215846,2,2
1444217646,2,2
1444219446,2,2
1444221246,2,2
1444223046,2,2
1444224846,2,2
1444226646,2,2
1444228446,2,2
1444230246,2,2
1444232046,2,2
1444233846,2,2
1444235646,2,2
1444237446,2,2
1444239246,2.00233666671647,2.00233666671647
1444241046,2.30316388951408,2.30316388951408
1444242846,2.04741222169664,2.04741222169664
1444244646,2.0036783334944,2.0036783334944
1444246446,2.07259222189585,2.07259222189585
1444248246,2.00455111092991,2.00455111092991
1444250046,2.00481055577596,2.00481055577596
1444251846,2.00054666678111,2.00054666678111
1444253646,2.00180833326446,2.00180833326446
1444255446,2.00016277776824,2.00016277776824
1444257246,2.00253611101045,2.00253611101045
1444259046,2.00018111136225,2.00018111136225
1444260846,2.00037444445822,2.00037444445822
1444262646,2.00014499995444,2.00014499995444
1444264446,2.00004055539767,2.00004055539767
1444266246,2.00018444432153,2.00018444432153
1444268046,2.20500277784136,2.20500277784136
1444269846,2.15486499985059,2.15486499985059
1444271646,2.00008722212579,2.00008722212579
1444273446,2.01515722221798,2.01515722221798
1444275246,2.00254722211096,2.00254722211096
1444277046,1.83034444438089,1.83034444438089
1444278846,1.52823111123509,1.52823111123509
1444280646,1.55795722232925,1.55795722232925
1444282446,1.44751388880942,1.44751388880942
1444284246,1.53638777812322,1.53638777812322
1444286046,1.42992111113336,1.42992111113336
1444287846,1.39307500044505,1.39307500044505
1444289646,1.43557888865471,1.43557888865471
1444291446,1.43007333305147,1.43007333305147
1444293246,1.47935444460975,1.47935444460975
1444295046,1.43421611097124,1.43421611097124
1444296846,1.46767611119482,1.46767611119482
1444298646,1.38804000033273,1.38804000033273
1444300446,1.40317722214593,1.40317722214593
1444302246,1.51460944480366,1.51460944480366
1444304046,1.38157333294551,1.38157333294551
1444305846,1.46434944378005,1.46434944378005
1444307646,1.41895722243521,1.41895722243521
1444309446,1.76928944442007,1.76928944442007
1444311246,1.59811277826627,1.59811277826627
1444313046,1.38513777706358,1.38513777706358
1444314846,1.44324055565728,1.44324055565728
1444316646,1.41908555587133,1.41908555587133
1444318446,1.41010166737768,1.41010166737768
1444320246,1.38081555604935,1.38081555604935
1444322046,1.40718277798759,1.40718277798759
1444323846,1.75286722183227,1.75286722183227
1444325646,1.43049944414039,1.43049944414039
1444327446,1.45881499992477,1.45881499992477
1444329246,1.46122388879458,1.46122388879458
1444331046,1.45020111017757,1.45020111017757
1444332846,1.44581555565198,1.44581555565198
1444334646,1.45322277784347,1.45322277784347
1444336446,1.45732888870769,1.45732888870769
1444338246,1.477433333132,1.477433333132
1444340046,1.40665055526627,1.40665055526627
1444341846,1.33200222214063,1.33200222214063
1444343646,1.42933055546549,1.42933055546549
1444345446,1.41341611120436,1.41341611120436
1444347246,1.46038555542628,1.46038555542628
1444349046,1.29228555560112,1.29228555560112
1444350846,1.49780166652468,1.49780166652468
1444352646,1.34901611089706,1.34901611089706
1444354446,1.31052944448259,1.31052944448259
1444356246,1.40986833307478,1.40986833307478
1444358046,1.30388666669528,1.30388666669528
1444359846,1.45396333323585,1.45396333323585
1444361646,1.29515944454405,1.29515944454405
1444363446,1.46653055561913,1.46653055561913
1444365246,1.39144888877869,1.39144888877869
1444367046,1.37239388902982,1.37239388902982
1444368846,1.47877166721556,1.47877166721556
1444370646,1.33200999961959,1.33200999961959
1444372446,1.51640222271284,1.51640222271284
1444374246,1.32099166697926,1.32099166697926
1444376046,1.51065111054315,1.51065111054315
1444377846,1.30977388925023,1.30977388925023
1444379646,1.42653833270073,1.42653833270073
1444381446,1.3010811109013,1.3010811109013
1444383246,1.62757611168755,1.62757611168755
1444385046,1.35868055515819,1.35868055515819
1444386846,1.54694611138766,1.54694611138766
1444388646,1.38047388924493,1.38047388924493
1444390446,1.47204166690509,1.47204166690509
1444392246,1.33858555515607,1.33858555515607
1444394046,1.5017383327749,1.5017383327749
1444395846,0.898526666959126,0.898526666959126
1444397646,1.49526999910673,1.49526999910673
1444399446,1.3142700000604,1.3142700000604
1444401246,1.46879555635982,1.46879555635982
1444403046,1.55547333280245,1.55547333280245
1444404846,1.63765111101998,1.63765111101998
1444406646,1.57885666701529,1.57885666701529
1444408446,1.55276611169179,1.55276611169179
1444410246,1.30223666720921,1.30223666720921
1444412046,1.36426777733697,1.36426777733697
1444413846,1.61631388823191,1.61631388823191
1444415646,1.67289555523131,1.67289555523131
1444417446,1.33076555503739,1.33076555503739
1444419246,1.35298722187678,1.35298722187678
1444421046,1.32143999987178,1.32143999987178
1444422846,1.58746833337678,1.58746833337678
1444424646,1.4498600004779,1.4498600004779
1444426446,1.39200333330366,1.39200333330366
1444428246,1.30895388881365,1.30895388881365
1444430046,1.27937722219361,1.27937722219361
1444431846,1.27268555535211,1.27268555535211
1444433646,1.38767111129231,1.38767111129231
1444435446,1.46140666670269,1.46140666670269
1444437246,1.3871211110221,1.3871211110221
1444439046,1.31295999977324,1.31295999977324
1444440846,1.28811888893445,1.28811888893445
1444442646,1.33100555552377,1.33100555552377
1444444446,1.71520666678747,1.71520666678747
1444446246,1.41229888889525,1.41229888889525
1444448046,1.32152555558417,1.32152555558417
1444449846,1.35118555545807,1.35118555545807
1444451646,1.36497888856464,1.36497888856464
1444453446,1.49307888944944,1.49307888944944
1444455246,1.47998499976264,1.47998499976264
1444457046,1.4996533328957,1.4996533328957
1444458846,1.34805388887723,1.34805388887723
1444460646,1.40267277770572,1.40267277770572
1444462446,1.33654444403119,1.33654444403119
1444464246,1.61143166700999,1.61143166700999
1444466046,1.43483666658402,1.43483666658402
1444467846,1.42829722272025,1.42829722272025
1444469646,1.41129833367139,1.41129833367139
1444471446,1.46485944403543,1.46485944403543
1444473246,1.36784166693687,1.36784166693687
1444475046,1.23302500009537,1.23302500009537
1444476846,1.02191499974993,1.02191499974993
1444478646,1.21727777759234,1.21727777759234
1444480446,1.00581611116727,1.00581611116727
1444482246,1.00132277793354,1.00132277793354
1444484046,1.35540555556615,1.35540555556615
1444485846,1.04613388843007,1.04613388843007
1444487646,1.02590444432365,1.02590444432365
1444489446,1.01846444474326,1.01846444474326
1444491246,1.08484222226673,1.08484222226673
1444493046,1.24220944470829,1.24220944470829
1444494846,1.04702833387587,1.04702833387587
1444496646,1.02302277763685,1.02302277763685
1444498446,1.2552522222201,1.2552522222201
1444500246,1.02641944434908,1.02641944434908
1444502046,1.2676111111376,1.2676111111376
1444503846,1.2021516667472,1.2021516667472
1444505646,1.07373500055737,1.07373500055737
1444507446,1.01203944444656,1.01203944444656
1444509246,1.46343833340539,1.46343833340539
1444511046,1.37042666700151,1.37042666700151
1444512846,1.01904555598895,1.01904555598895
1444514646,1.02006944431199,1.02006944431199
1444516446,1.01143166648017,1.01143166648017
1444518246,1.0161327776644,1.0161327776644
1444520046,1.01106666644414,1.01106666644414
1444521846,1.0208894443512,1.0208894443512
1444523646,1.02205277787314,1.02205277787314
1444525446,1.22318388885922,1.22318388885922
1444527246,1.35346444474326,1.35346444474326
1444529046,1.40945888903406,1.40945888903406
1444530846,1.25592277778519,1.25592277778519
1444532646,1.30041333344248,1.30041333344248
1444534446,1.32968666659461,1.32968666659461
1444536246,1.02231222245428,1.02231222245428
1444538046,1.02327333344354,1.02327333344354
1444539846,1.00000277784136,1.00000277784136
1444541646,1.37084777779049,1.37084777779049
1444543446,1.34525777750545,1.34525777750545
1444545246,1.34218777802255,1.34218777802255
1444547046,1.28354388872782,1.28354388872782
1444548846,1.22161222312185,1.22161222312185
1444550646,1.3398972219891,1.3398972219891
1444552446,1.19706777771314,1.19706777771314
1444554246,1.3600038892693,1.3600038892693
1444556046,1.31783833344777,1.31783833344777
1444557846,1.04369500027763,1.04369500027763
1444559646,1.39415611108144,1.39415611108144
1444561446,1.23440277788374,1.23440277788374
1444563246,1.31264944407675,1.31264944407675
1444565046,1.0944655556149,1.0944655556149
1444566846,1.25763999991947,1.25763999991947
1444568646,1.55603500021829,1.55603500021829
1444570446,1.02912388894293,1.02912388894293
1444572246,1.02548500034544,1.02548500034544
1444574046,1.00978444457054,1.00978444457054
1444575846,1.00738944437769,1.00738944437769
1444577646,1.01711222198291,1.01711222198291
1444579446,1.03031222197745,1.03031222197745
1444581246,1.32584222171042,1.32584222171042
1444583046,1.29026166637739,1.29026166637739
1444584846,1.02061777816878,1.02061777816878
1444586646,1.16911055511898,1.16911055511898
1444588446,1.10302722228898,1.10302722228898
1444590246,1.17639777766334,1.17639777766334
1444592046,1.01483499977324,1.01483499977324
1444593846,1.12360666685634,1.12360666685634
1444595646,1.00020111110475,1.00020111110475
1444597446,1.00691611117787,1.00691611117787
1444599246,1.42472222235468,1.42472222235468
1444601046,1.20471000009113,1.20471000009113
1444602846,1.18285611126158,1.18285611126158
1444604646,1.11444777766864,1.11444777766864
1444606446,1.00553666671117,1.00553666671117
1444608246,1.0824972222911,1.0824972222911
1444610046,1.0185844443904,1.0185844443904
1444611846,1.30919555558099,1.30919555558099
1444613646,1.16487611108356,1.16487611108356
1444615446,1.04218944443597,1.04218944443597
1444617246,1.14448722230064,1.14448722230064
1444619046,1.41747222224871,1.41747222224871
1444620846,1.39851499994596,1.39851499994596
1444622646,1.20986944450272,1.20986944450272
1444624446,1.01665222220951,1.01665222220951
1444626246,1.16839111102952,1.16839111102952
1444628046,1.3201527774334,1.3201527774334
1444629846,1.11577499959204,1.11577499959204
1444631646,1.25379666699304,1.25379666699304
1444633446,1.26519722196791,1.26519722196791
1444635246,1.16684944430987,1.16684944430987
1444637046,1.14020722243521,1.14020722243521
1444638846,1.32643722176552,1.32643722176552
1444640646,1.44902333378792,1.44902333378792
1444642446,1.44733499977324,1.44733499977324
1444644246,1.19885277748108,1.19885277748108
1444646046,1.2014966668023,1.2014966668023
1444647846,1.39029000030624,1.39029000030624
1444649646,1.44851388851802,1.44851388851802
1444651446,1.53655000130335,1.53655000130335
1444653246,1.30919666687647,1.30919666687647
1444655046,1.0880900004175,1.0880900004175
1444656846,1.25841722223494,1.25841722223494
1444658646,1.41542722185455,1.41542722185455
1444660446,1.40675222264396,1.40675222264396
1444662246,1.29144555581941,1.29144555581941
1444664046,1.18271166642507,1.18271166642507
1444665846,1.32542722264926,1.32542722264926
1444667646,1.4567327773571,1.4567327773571
1444669446,1.20664777808719,1.20664777808719
1444671246,1.16164888911777,1.16164888911777
1444673046,1.34271222247018,1.34271222247018
1444674846,1.75459388918347,1.75459388918347
1444676646,1.42327888912625,1.42327888912625
1444678446,1.19396722210778,1.19396722210778
1444680246,1.20236444460021,1.20236444460021
1444682046,1.00720055540403,1.00720055540403
1444683846,1.1836494451099,1.1836494451099
1444685646,1.15302722228898,1.15302722228898
1444687446,1.23866222222646,1.23866222222646
1444689246,1.18157555580139,1.18157555580139
1444691046,1.08329277780321,1.08329277780321
1444692846,1.08800277776188,1.08800277776188
1444694646,1.1823738890224,1.1823738890224
1444696446,1.05808833347426,1.05808833347426
1444698246,1.00873111115562,1.00873111115562
1444700046,1.16852388898532,1.16852388898532
1444701846,1.1777044444614,1.1777044444614
1444703646,1.03844388895565,1.03844388895565
1444705446,1.13853222211202,1.13853222211202
1444707246,1.17635666648547,1.17635666648547
1444709046,1.00753999988238,1.00753999988238
1444710846,1,1
1444712646,1.18131833354632,1.18131833354632
1444714446,1.15893555561701,1.15893555561701
1444716246,1.01274055547184,1.01274055547184
1444718046,1.20435611089071,1.20435611089071
1444719846,1.31478944367833,1.31478944367833
1444721646,1.09250888864199,1.09250888864199
1444723446,1.11779333313306,1.11779333313306
1444725246,1.0951255551974,1.0951255551974
1444727046,1.00028388897578,1.00028388897578
1444728846,1.17771055592431,1.17771055592431
1444730646,1.15532333334287,1.15532333334287
1444732446,1.0980861111482,1.0980861111482
1444734246,1.12822333362367,1.12822333362367
1444736046,1.3041166665819,1.3041166665819
1444737846,1.16662555575371,1.16662555575371
1444739646,1.54023555570179,1.54023555570179
1444741446,1.09627444479201,1.09627444479201
1444743246,1.13480777780215,1.13480777780215
1444745046,1.01998722261853,1.01998722261853
1444746846,1,1
1444748646,1.03624222252104,1.03624222252104
1444750446,1.10049277875159,1.10049277875159
1444752246,1.0039244445165,1.0039244445165
1444754046,1.40213388893339,1.40213388893339
1444755846,1.0620822221703,1.0620822221703
1444757646,1.0399988884396,1.0399988884396
1444759446,1.01982444458538,1.01982444458538
1444761246,1,1
1444763046,1.36627944429715,1.36627944429715
1444764846,1.01696611086528,1.01696611086528
1444766646,1.00000888877445,1.00000888877445
1444768446,1.32955555584696,1.32955555584696
1444770246,1.29915888852543,1.29915888852543
1444772046,1,1
1444773846,1.06803000013034,1.06803000013034
1444775646,1.17694444431199,1.17694444431199
1444777446,1,1
1444779246,1.38496777772903,1.38496777772903
1444781046,1.3408988890383,1.3408988890383
1444782846,1.18831444448895,1.18831444448895
1444784646,1.16326666659779,1.16326666659779
1444786446,1.12607722229428,1.12607722229428
1444788246,1.00120444443491,1.00120444443491
1444790046,1.00000222219361,1.00000222219361
1444791846,1.10389611124992,1.10389611124992
1444793646,1.25933944437239,1.25933944437239
1444795446,1.00553555554814,1.00553555554814
1444797246,1,1
1444799046,1.190913333363,1.190913333363
1444800846,1.54943555567,1.54943555567
1444802646,1.12476944459809,1.12476944459809
1444804446,1.07898277786043,1.07898277786043
1444806246,1.0035061109066,1.0035061109066
1444808046,0.116008333497626,0.116008333497626
1444809846,1.32767499976688,1.32767499976688
1444811646,1.33846611089177,1.33846611089177
1444813446,1.00377166668574,1.00377166668574
1444815246,1.24784055550893,1.24784055550893
1444817046,1.03590277857251,1.03590277857251
1444818846,1.06355333328247,1.06355333328247
1444820646,1.4498316666815,1.4498316666815
1444822446,1.38196333342128,1.38196333342128
1444824246,1.01998611079322,1.01998611079322
1444826046,1.00853666702906,1.00853666702906
1444827846,1.32023944417636,1.32023944417636
1444829646,1.08593277772268,1.08593277772268
1444831446,1.0011777777142,1.0011777777142
1444833246,1.29820888863669,1.29820888863669
1444835046,1.41025499939919,1.41025499939919
1444836846,1.00837444477611,1.00837444477611
1444838646,1.17142611092991,1.17142611092991
1444840446,1.3570822221703,1.3570822221703
1444842246,1.00838777780533,1.00838777780533
1444844046,1.59983777827687,1.59983777827687
1444845846,1.33768333329095,1.33768333329095
1444847646,1.21024722245004,1.21024722245004
1444849446,1.32926888876491,1.32926888876491
1444851246,1.7187650001049,1.7187650001049
1444853046,1.25670555578338,1.25670555578338
1444854846,1.12117277781169,1.12117277781169
1444856646,1.52492333372434,1.52492333372434
1444858446,1.27865499999788,1.27865499999788
1444860246,1.15064833336406,1.15064833336406
1444862046,1.27793111099137,1.27793111099137
1444863846,1.32256833314896,1.32256833314896
1444865646,1.19126722203361,1.19126722203361
1444867446,1.47812277793884,1.47812277793884
1444869246,1.3655588889122,1.3655588889122
1444871046,1.04633611096276,1.04633611096276
1444872846,1.38148777776294,1.38148777776294
1444874646,1.35444555547502,1.35444555547502
1444876446,1.06792999996079,1.06792999996079
1444878246,1.44658499995867,1.44658499995867
1444880046,1.32475111100409,1.32475111100409
1444881846,1.11245888868968,1.11245888868968
1444883646,1.44138555526733,1.44138555526733
1444885446,1.3153211110168,1.3153211110168
1444887246,1.13224333339267,1.13224333339267
1444889046,1.57030055575901,1.57030055575901
1444890846,1.24782666643461,1.24782666643461
1444892646,1.15521166668998,1.15521166668998
1444894446,1.60617222295867,1.60617222295867
1444896246,1.48752888851696,1.48752888851696
1444898046,1.33548111134105,1.33548111134105
1444899846,1.45054944435755,1.45054944435755
1444901646,1.18808000021511,1.18808000021511
1444903446,1.37951055579715,1.37951055579715
1444905246,1.57645666665501,1.57645666665501
1444907046,1.00189777784877,1.00189777784877
1444908846,1.00378888858689,1.00378888858689
1444910646,1.37792722211944,1.37792722211944
1444912446,1.03946444458432,1.03946444458432
1444914246,1.65230222211944,1.65230222211944
1444916046,1.43051444384787,1.43051444384787
1444917846,1.02812888887193,1.02812888887193
1444919646,1.6476888888412,1.6476888888412
1444921446,1.36282277796004,1.36282277796004
1444923246,1.16715944422616,1.16715944422616
1444925046,1.74603888869286,1.74603888869286
1444926846,1.13557388888465,1.13557388888465
1444928646,1.50519777801302,1.50519777801302
1444930446,1.1945611111323,1.1945611111323
1444932246,1.00161777787738,1.00161777787738
1444934046,2.2048405555884,2.2048405555884
1444935846,1.38143999987178,1.38143999987178
1444937646,1.27458111113972,1.27458111113972
1444939446,1.50687555551529,1.50687555551529
1444941246,1.34739277799924,1.34739277799924
1444943046,1.42269777761565,1.42269777761565
1444944846,1.5587049999502,1.5587049999502
1444946646,1.00000222206116,1.00000222206116
1444948446,1.49657000011868,1.49657000011868
1444950246,1.0678605556488,1.0678605556488
1444952046,1.01280222230487,1.01280222230487
1444953846,1.47488888899485,1.47488888899485
1444955646,1.15166722218196,1.15166722218196
1444957446,1.3922683333026,1.3922683333026
1444959246,1.45338055557675,1.45338055557675
1444961046,1,1
1444962846,1.0706761109829,1.0706761109829
1444964646,1.04486833307478,1.04486833307478
1444966446,1.16883611109522,1.16883611109522
1444968246,1.58405444449848,1.58405444449848
1444970046,1.0111144443353,1.0111144443353
1444971846,1.43682666659355,1.43682666659355
1444973646,1.36753499997987,1.36753499997987
1444975446,1.11068166666561,1.11068166666561
1444977246,1.30632944477929,1.30632944477929
1444979046,1,1
1444980846,1.61751666665077,1.61751666665077
1444982646,1.03445499976476,1.03445499976476
1444984446,1.19127555542522,1.19127555542522
1444986246,1.50688888880942,1.50688888880942
1444988046,1,1
1444989846,1.22393888923857,1.22393888923857
1444991646,1.46848722232713,1.46848722232713
1444993446,1.20179999974039,1.20179999974039
1444995246,1.37169388903512,1.37169388903512
1444997046,1.00255444433954,1.00255444433954
1444998846,1.1704222216871,1.1704222216871
1445000646,1,1
1445002446,1.61835999952422,1.61835999952422
1445004246,1.0022327779399,1.0022327779399
1445006046,1.00557333336936,1.00557333336936
1445007846,1.08461722228262,1.08461722228262
1445009646,1.18095888959037,1.18095888959037
1445011446,1.19960166666243,1.19960166666243
1445013246,1,1
1445015046,1.5201383333736,1.5201383333736
1445016846,1,1
1445018646,1.37565000004239,1.37565000004239
1445020446,1.00265555553966,1.00265555553966
1445022246,1.18027166671223,1.18027166671223
1445024046,1.41581111126476,1.41581111126476
1445025846,1.10336777793037,1.10336777793037
1445027646,1.55488388882743,1.55488388882743
1445029446,1,1
1445031246,1.10521166695489,1.10521166695489
1445033046,1.00001388880942,1.00001388880942
1445034846,1.16939222216606,1.16939222216606
1445036646,1.10108833326234,1.10108833326234
1445038446,1.00001055545277,1.00001055545277
1445040246,1.5022122224172,1.5022122224172
1445042046,1.04002611107296,1.04002611107296
1445043846,1.66645444432894,1.66645444432894
1445045646,1,1
1445047446,1.33460999992159,1.33460999992159
1445049246,1.08875777774387,1.08875777774387
1445051046,1.09737777762943,1.09737777762943
1445052846,1.02396444453133,1.02396444453133
1445054646,1.16934888879458,1.16934888879458
1445056446,1.12077611101998,1.12077611101998
1445058246,1.00043499999576,1.00043499999576
1445060046,1.46811055527793,1.46811055527793
1445061846,1.00374333341916,1.00374333341916
1445063646,1.38735277758704,1.38735277758704
1445065446,1.02226666675674,1.02226666675674
1445067246,1.74002666685316,1.74002666685316
1445069046,1,1
1445070846,1.72891500035922,1.72891500035922
1445072646,1,1
1445074446,1.48867055588298,1.48867055588298
1445076246,1,1
1445078046,1.52806888924705,1.52806888924705
1445079846,1.00983944416046,1.00983944416046
1445081646,1.69285388853815,1.69285388853815
1445083446,1.0004655555884,1.0004655555884
1445085246,1.51579222215546,1.51579222215546
1445087046,1.07455000003179,1.07455000003179
1445088846,1.39109499997563,1.39109499997563
1445090646,1.04509722232819,1.04509722232819
1445092446,1.67370888908704,1.67370888908704
1445094246,1.00667666647169,1.00667666647169
1445096046,1.83295333345731,1.83295333345731
1445097846,1.03538999994596,1.03538999994596
1445099646,1.32410999973615,1.32410999973615
1445101446,1,1
1445103246,1.51636222216818,1.51636222216818
1445105046,1,1
1445106846,1.60344999962383,1.60344999962383
1445108646,1,1
1445110446,1.39838833318813,1.39838833318813
1445112246,0,0
1445114046,2.1060066666868,2.1060066666868
1445115846,1,1
1445117646,1.35717499984635,1.35717499984635
1445119446,1,1
1445121246,1.63899500012398,1.63899500012398
1445123046,1.02500055551529,1.02500055551529
1445124846,1.56061999996503,1.56061999996503
1445126646,1.17235777762201,1.17235777762201
1445128446,1.41104666683409,1.41104666683409
1445130246,1.20056111123827,1.20056111123827
1445132046,1.4305616666211,1.4305616666211
1445133846,1.30465388894081,1.30465388894081
1445135646,1.30200833320618,1.30200833320618
1445137446,1.41600833323267,1.41600833323267
1445139246,1.28206166678005,1.28206166678005
1445141046,1.45111222214169,1.45111222214169
1445142846,1.14013999991947,1.14013999991947
1445144646,1.58778388910823,1.58778388910823
1445146446,1.35101055569119,1.35101055569119
1445148246,1.68582611083984,1.68582611083984
1445150046,1.01350611103906,1.01350611103906
1445151846,1.64175000018544,1.64175000018544
1445153646,1.00490499999788,1.00490499999788
1445155446,1.57591777788268,1.57591777788268
1445157246,1,1
1445159046,1.64278555525674,1.64278555525674
1445160846,1,1
1445162646,1.64106222232183,1.64106222232183
1445164446,1,1
1445166246,1.33102611025174,1.33102611025174
1445168046,1,1
1445169846,1.53273944377899,1.53273944377899
1445171646,1,1
1445173446,1.39721111098925,1.39721111098925
1445175246,1,1
1445177046,1.43728055583106,1.43728055583106
1445178846,1,1
1445180646,1.81222722331683,1.81222722331683
1445182446,1.10376722296079,1.10376722296079
1445184246,1.40086777779791,1.40086777779791
1445186046,1.21836888856358,1.21836888856358
1445187846,1.40132333344884,1.40132333344884
1445189646,1.30772166675991,1.30772166675991
1445191446,1.24751944462458,1.24751944462458
1445193246,1.47877388927672,1.47877388927672
1445195046,1.26889222237799,1.26889222237799
1445196846,1.34268666678005,1.34268666678005
1445198646,1.11819166673554,1.11819166673554
1445200446,1.56376000006994,1.56376000006994
1445202246,1,1
1445204046,1.72866500006782,1.72866500006782
1445205846,1,1
1445207646,1.61851444456312,1.61851444456312
1445209446,1,1
1445211246,1.55798500008053,1.55798500008053
1445213046,1.00388888888889,1.00388888888889
1445214846,1.69903777771526,1.69903777771526
1445216646,1.08444777766863,1.08444777766863
1445218446,1.37765722235044,1.37765722235044
1445220246,1.04754611094793,1.04754611094793
1445222046,1.50810722218619,1.50810722218619
1445223846,1.23166666666667,1.23166666666667
1445225646,1.40638500001695,1.40638500001695
1445227446,1.29666777796215,1.29666777796215
1445229246,1.42246499988768,1.42246499988768
1445231046,1.38033944461081,1.38033944461081
1445232846,1.26685222201877,1.26685222201877
1445234646,1.43071722216076,1.43071722216076
1445236446,1.28097888853815,1.28097888853815
1445238246,1.4532077770763,1.4532077770763
1445240046,1.00600611117151,1.00600611117151
1445241846,1.61828499979443,1.61828499979443
1445243646,1.02678111129337,1.02678111129337
1445245446,1.54834444496367,1.54834444496367
1445247246,1.00000055564774,1.00000055564774
1445249046,2.22494166705343,2.22494166705343
1445250846,1,1
1445252646,1.84297777745459,1.84297777745459
1445254446,1,1
1445256246,1.58253777768877,1.58253777768877
1445258046,1,1
1445259846,1.38402499927415,1.38402499927415
1445261646,1,1
1445263446,1.30970833328035,1.30970833328035
1445265246,1,1
1445267046,1.64750111142794,1.64750111142794
1445268846,1.00500611093309,1.00500611093309
1445270646,1.52336333314578,1.52336333314578
1445272446,1.0680083337095,1.0680083337095
1445274246,1.52123166653845,1.52123166653845
1445276046,1.12844611128171,1.12844611128171
1445277846,1.54599555532138,1.54599555532138
1445279646,1.1477316666974,1.1477316666974
1445281446,1.39040166669422,1.39040166669422
1445283246,1.10782000025113,1.10782000025113
1445285046,1.33883555557993,1.33883555557993
1445286846,1.02776000022888,1.02776000022888
1445288646,1.16904444442855,1.16904444442855
1445290446,1.21049333333969,1.21049333333969
1445292246,1.45417833328247,1.45417833328247
1445294046,1.15664000021087,1.15664000021087
1445295846,1.34281944433848,1.34281944433848
1445297646,1.16611111111111,1.16611111111111
1445299446,1.492184444401,1.492184444401
1445301246,1.14111277778943,1.14111277778943
1445303046,1.49754999995232,1.49754999995232
1445304846,1.12444499995973,1.12444499995973
1445306646,1.5127099998792,1.5127099998792
1445308446,1.09266222225295,1.09266222225295
1445310246,1.52676777773433,1.52676777773433
1445312046,1.05333500001166,1.05333500001166
1445313846,1.54128000034226,1.54128000034226
1445315646,1.00333333333333,1.00333333333333
1445317446,1.55622555573781,1.55622555573781
1445319246,1,1
1445321046,1.37331277754572,1.37331277754572
1445322846,1,1
1445324646,1.63060555537542,1.63060555537542
1445326446,1,1
1445328246,1.44815722293324,1.44815722293324
1445330046,1,1
1445331846,1.70985111143854,1.70985111143854
1445333646,1,1
1445335446,1.84231722209188,1.84231722209188
1445337246,1.02299722221163,1.02299722221163
1445339046,1.39190888855192,1.39190888855192
1445340846,1.00053666671117,1.00053666671117
1445342646,1.22364666687118,1.22364666687118
1445344446,1.14142499976688,1.14142499976688
1445346246,1.21970999969376,1.21970999969376
1445348046,1.17171333326234,1.17171333326234
1445349846,1.01589277797275,1.01589277797275
1445351646,1.34735666672389,1.34735666672389
1445353446,1.17157444490327,1.17157444490327
1445355246,1.16062777744399,1.16062777744399
1445357046,1.01383333404859,1.01383333404859
1445358846,1.36001277804375,1.36001277804375
1445360646,1,1
1445362446,1.41946499996715,1.41946499996715
1445364246,1,1
1445366046,1.01892777760824,1.01892777760824
1445367846,1.00000055551529,1.00000055551529
1445369646,1.24531611084938,1.24531611084938
1445371446,1.06104444437557,1.06104444437557
1445373246,1.42281944447094,1.42281944447094
1445375046,1.24708777785301,1.24708777785301
1445376846,1.21135555545489,1.21135555545489
1445378646,1.0222355556488,1.0222355556488
1445380446,1.12500166667832,1.12500166667832
1445382246,1.12277888894081,1.12277888894081
1445384046,1,1
1445385846,1.03660611073176,1.03660611073176
1445387646,1,1
1445389446,1.03288444466061,1.03288444466061
1445391246,1,1
1445393046,1.60000222206116,1.60000222206116
1445394846,1.01770055558946,1.01770055558946
1445396646,1.22237111118105,1.22237111118105
1445398446,1.00000055564774,1.00000055564774
1445400246,1.13388944440418,1.13388944440418
1445402046,1.05523388875855,1.05523388875855
1445403846,1,1
1445405646,1.2082611114449,1.2082611114449
1445407446,1,1
1445409246,1.04016222251786,1.04016222251786
1445411046,1.00113166676627,1.00113166676627
1445412846,1.25067000018226,1.25067000018226
1445414646,1.14484111123615,1.14484111123615
1445416446,1.20358277771208,1.20358277771208
1445418246,1.17548499994808,1.17548499994808
1445420046,1,1
1445421846,1.31467333343294,1.31467333343294
1445423646,1,1
1445425446,1.07651166703966,1.07651166703966
1445427246,1,1
1445429046,1.02781888855828,1.02781888855828
1445430846,0.263399999671286,0.263399999671286
1445432646,0.390538889037238,0.390538889037238
1445434446,1.24464388873842,1.24464388873842
1445436246,1,1
1445438046,1.57454555577702,1.57454555577702
1445439846,1,1
1445441646,1.13904333353043,1.13904333353043
1445443446,1.10084888868862,1.10084888868862
1445445246,1,1
1445447046,1.25221999989616,1.25221999989616
1445448846,1,1
1445450646,1.01664222213957,1.01664222213957
1445452446,1.00000555528535,1.00000555528535
1445454246,1.00230499982834,1.00230499982834
1445456046,1.00351222197215,1.00351222197215
1445457846,1,1
1445459646,1.10451722198062,1.10451722198062
1445461446,1,1
1445463246,1.20224944445822,1.20224944445822
1445465046,1.00000055564774,1.00000055564774
1445466846,1.32474222222964,1.32474222222964
1445468646,1.52165888879034,1.52165888879034
1445470446,1,1
1445472246,1.37638444463412,1.37638444463412
1445474046,1,1
1445475846,1.48281277762519,1.48281277762519
1445477646,1.03991277774175,1.03991277774175
1445479446,1.59543333331744,1.59543333331744
1445481246,1.4284549999237,1.4284549999237
1445483046,1.26333333333333,1.26333333333333
1445484846,1.63072111090024,1.63072111090024
1445486646,1,1
1445488446,1.90215277764532,1.90215277764532
1445490246,1,1
1445492046,1.08437111086316,1.08437111086316
1445493846,1.00311333311929,1.00311333311929
1445495646,1.05348111086422,1.05348111086422
1445497446,1.00821333368619,1.00821333368619
1445499246,1,1
1445501046,1.57639555586709,1.57639555586709
1445502846,1,1
1445504646,1.12042888853285,1.12042888853285
1445506446,1.00423000004556,1.00423000004556
1445508246,1.34370166672601,1.34370166672601
1445510046,1.34757499986224,1.34757499986224
1445511846,1.00240277793672,1.00240277793672
1445513646,1.30682833313942,1.30682833313942
1445515446,1,1
1445517246,1.72056444406509,1.72056444406509
1445519046,1.06541555550363,1.06541555550363
1445520846,1.24232222252422,1.24232222252422
1445522646,1.08230111122133,1.08230111122133
1445524446,1,1
1445526246,1.44765444450908,1.44765444450908
1445528046,1,1
1445529846,1.494611666335,1.494611666335
1445531646,1.15209833330578,1.15209833330578
1445533446,1.25810388922691,1.25810388922691
1445535246,1.22532055523661,1.22532055523661
1445537046,1,1
1445538846,1.25699388861656,1.25699388861656
1445540646,1,1
1445542446,1.03965555561913,1.03965555561913
1445544246,1.00861555549833,1.00861555549833
1445546046,1.11668777770466,1.11668777770466
1445547846,1.57003722230593,1.57003722230593
1445549646,1,1
1445551446,1.36933833347427,1.36933833347427
1445553246,1.00000055564774,1.00000055564774
1445555046,1.09203166657024,1.09203166657024
1445556846,1.16810722205374,1.16810722205374
1445558646,1,1
1445560446,1.17347777764002,1.17347777764002
1445562246,1,1
1445564046,1.05935555564033,1.05935555564033
1445565846,1.13978111108144,1.13978111108144
1445567646,1.0287222219838,1.0287222219838
1445569446,1.16984388868014,1.16984388868014
1445571246,1,1
1445573046,1.02590999974145,1.02590999974145
1445574846,1.00000999980503,1.00000999980503
1445576646,1.06858999994066,1.06858999994066
1445578446,1.34714888890584,1.34714888890584
1445580246,1,1
1445582046,1.23750611053573,1.23750611053573
1445583846,1.04366722226143,1.04366722226143
1445585646,1.01222444468074,1.01222444468074
1445587446,1.36489055567317,1.36489055567317
1445589246,1,1
1445591046,1.57841388874584,1.57841388874584
1445592846,1,1
1445594646,1.1625188893742,1.1625188893742
1445596446,1.17762166698774,1.17762166698774
1445598246,1,1
1445600046,1.18688777738147,1.18688777738147
1445601846,1,1
1445603646,1.08104111115138,1.08104111115138
1445605446,1.00950388881895,1.00950388881895
1445607246,1,1
1445609046,1.11787333382501,1.11787333382501
1445610846,1,1
1445612646,1.01721333331532,1.01721333331532
1445614446,1.03371555566788,1.03371555566788
1445616246,1.02393499983682,1.02393499983682
1445618046,1.06655777745777,1.06655777745777
1445619846,1,1
1445621646,1.23734999934832,1.23734999934832
1445623446,1.25024833321571,1.25024833321571
1445625246,1,1
1445627046,2.44536444465319,2.44536444465319
1445628846,1,1
1445630646,1.05816500001484,1.05816500001484
1445632446,1.46734888884756,1.46734888884756
1445634246,1,1
1445636046,1.65566444436709,1.65566444436709
1445637846,1,1
1445639646,1.06767777787314,1.06767777787314
1445641446,1.49684444440736,1.49684444440736
1445643246,1,1
1445645046,1.1923977777693,1.1923977777693
1445646846,1.06846000009113,1.06846000009113
1445648646,1.05137222223812,1.05137222223812
1445650446,1.25776611102952,1.25776611102952
1445652246,1,1
1445654046,1.15145611100727,1.15145611100727
1445655846,1.00000166667832,1.00000166667832
1445657646,1.00000111103058,1.00000111103058
1445659446,1.13525388876597,1.13525388876597
1445661246,1,1
1445663046,1.32611388921738,1.32611388921738
1445664846,1.35078611108992,1.35078611108992
1445666646,1,1
1445668446,1.59602388925023,1.59602388925023
1445670246,1.04861277792189,1.04861277792189
1445672046,1,1
1445673846,1.67590277791023,1.67590277791023
1445675646,1.07083166678747,1.07083166678747
1445677446,1.02605888896518,1.02605888896518
1445679246,1.28247166726324,1.28247166726324
1445681046,1,1
1445682846,1.72006388889419,1.72006388889419
1445684646,1.12978666676415,1.12978666676415
1445686446,1.25980722255177,1.25980722255177
1445688246,1.5355405553182,1.5355405553182
1445690046,1,1
1445691846,1.00856777747472,1.00856777747472
1445693646,1.00472166657448,1.00472166657448
1445695446,1.02607499996821,1.02607499996821
1445697246,1.94899111125204,1.94899111125204
1445699046,1,1
1445700846,1.22581277767817,1.22581277767817
1445702646,1.00002222233348,1.00002222233348
1445704446,1,1
1445706246,1.62623666683833,1.62623666683833
1445708046,1,1
1445709846,1.42122888869709,1.42122888869709
1445711646,1.19547111100621,1.19547111100621
1445713446,1,1
1445715246,1.39847444521056,1.39847444521056
1445717046,1,1
1445718846,1.0297911116812,1.0297911116812
1445720646,1.00007444434696,1.00007444434696
1445722446,1,1
1445724246,1.07774833348062,1.07774833348062
1445726046,1,1
1445727846,1.54906111107932,1.54906111107932
1445729646,1.40594055573146,1.40594055573146
1445731446,1,1
1445733246,1,1
1445735046,1,1
1445736846,1.06880333330896,1.06880333330896
1445738646,1.00000055551529,1.00000055551529
1445740446,1,1
1445742246,1.05733499977324,1.05733499977324
1445744046,1.00000111116303,1.00000111116303
1445745846,1.04,1.04
1445747646,1.80511888901393,1.80511888901393
1445749446,1,1
1445751246,1.16985333323479,1.16985333323479
1445753046,1.00000166654587,1.00000166654587
1445754846,1,1
1445756646,1.31691666695807,1.31691666695807
1445758446,1,1
1445760246,1.02747388892704,1.02747388892704
1445762046,1.01513444463412,1.01513444463412
1445763846,1,1
1445765646,1.66039111097654,1.66039111097654
1445767446,1.14959222237269,1.14959222237269
1445769246,1.00739166683621,1.00739166683621
1445771046,1.29992222216394,1.29992222216394
1445772846,1,1
1445774646,1.02797777745459,1.02797777745459
1445776446,1.18214388913578,1.18214388913578
1445778246,0.0190855556066607,0.0190855556066607
1445780046,0.197860555516349,0.197860555516349
1445781846,0.98454222228792,0.98454222228792
1445783646,1.13652777738041,1.13652777738041
1445785446,1.24707777765062,1.24707777765062
1445787246,1.07247777779897,1.07247777779897
1445789046,1.716823332972,1.716823332972
1445790846,1,1
1445792646,1.22442611138026,1.22442611138026
1445794446,1.00742555552059,1.00742555552059
1445796246,1.16753166688813,1.16753166688813
1445798046,1.39341999994384,1.39341999994384
1445799846,1,1
1445801646,1.83163500044081,1.83163500044081
1445803446,1,1
1445805246,1.02045111113124,1.02045111113124
1445807046,1.35188388903936,1.35188388903936
1445808846,1.03115944451756,1.03115944451756
1445810646,1.34215611166424,1.34215611166424
1445812446,1,1
1445814246,1.63336333341069,1.63336333341069
1445816046,1.09337777773539,1.09337777773539
1445817846,1.1064905556043,1.1064905556043
1445819646,1.33832000003921,1.33832000003921
1445821446,1,1
1445823246,1.2254394446479,1.2254394446479
1445825046,1.14450888885392,1.14450888885392
1445826846,1.10143277777566,1.10143277777566
1445828646,1.33711999999152,1.33711999999152
1445830446,1,1
1445832246,1.63220999995867,1.63220999995867
1445834046,1.02518888897366,1.02518888897366
1445835846,1.11755666653315,1.11755666653315
1445837646,1.16882833335135,1.16882833335135
1445839446,1,1
1445841246,1.47183944450484,1.47183944450484
1445843046,1.07682944443491,1.07682944443491
1445844846,1.01301888889737,1.01301888889737
1445846646,1.53048166659143,1.53048166659143
1445848446,1,1
1445850246,1.07283611151907,1.07283611151907
1445852046,1.13611944437027,1.13611944437027
1445853846,1.07301722248395,1.07301722248395
1445855646,1.95542944471041,1.95542944471041
1445857446,1,1
1445859246,1.28205111132728,1.28205111132728
1445861046,1.21132166637315,1.21132166637315
1445862846,1.09459222224024,1.09459222224024
1445864646,2.0529494439231,2.0529494439231
1445866446,1,1
1445868246,1.28601666662428,1.28601666662428
1445870046,1.16927222225401,1.16927222225401
1445871846,1,1
1445873646,1.22882111178504,1.22882111178504
1445875446,1,1
1445877246,1.28156666636467,1.28156666636467
1445879046,1.18558888898955,1.18558888898955
1445880846,1,1
1445882646,1.04007388949394,1.04007388949394
1445884446,1,1
1445886246,1.29845277839237,1.29845277839237
1445888046,1.02313722213109,1.02313722213109
1445889846,1.27149055547184,1.27149055547184
1445891646,1.39340944409371,1.39340944409371
1445893446,1,1
1445895246,1.33834555546443,1.33834555546443
1445897046,1,1
1445898846,1.50719500011868,1.50719500011868
1445900646,1.01082999997669,1.01082999997669
1445902446,1.0450477777587,1.0450477777587
1445904246,1.33818999992477,1.33818999992477
1445906046,1,1
1445907846,1.36468500004874,1.36468500004874
1445909646,1,1
1445911446,1.33426111102104,1.33426111102104
1445913246,1.19430555555556,1.19430555555556
1445915046,1.01529555559158,1.01529555559158
1445916846,1.51071166687542,1.51071166687542
1445918646,1,1
1445920446,1.41873444424735,1.41873444424735
1445922246,1,1
1445924046,1.33618722213639,1.33618722213639
1445925846,1.00665833327505,1.00665833327505
1445927646,1.02747055557039,1.02747055557039
1445929446,1.17858333296246,1.17858333296246
1445931246,1,1
1445933046,1.37750611159537,1.37750611159537
1445934846,1.00086333327823,1.00086333327823
1445936646,1.21006888866425,1.21006888866425
1445938446,1.72971500052346,1.72971500052346
1445940246,1,1
1445942046,1.05171055581835,1.05171055581835
1445943846,1,1
1445945646,1.2864633333683,1.2864633333683
1445947446,1.2527738890383,1.2527738890383
1445949246,1.01242833336194,1.01242833336194
1445951046,1.41856500003073,1.41856500003073
1445952846,1,1
1445954646,1.42980555494626,1.42980555494626
1445956446,1.10998722222116,1.10998722222116
1445958246,1.08021777775553,1.08021777775553
1445960046,1.33768277777566,1.33768277777566
1445961846,1,1
1445963646,1.09543999976582,1.09543999976582
1445965446,1,1
1445967246,1.18738111085362,1.18738111085362
1445969046,1.61049833337466,1.61049833337466
1445970846,1.01704388856888,1.01704388856888
1445972646,1.35518388840887,1.35518388840887
1445974446,1,1
1445976246,1.3713872218132,1.3713872218132
1445978046,1.03245055569543,1.03245055569543
1445979846,1.10297944439782,1.10297944439782
1445981646,1.19181222213639,1.19181222213639
1445983446,1,1
1445985246,1.41060777796639,1.41060777796639
1445987046,1,1
1445988846,1.43695722209083,1.43695722209083
1445990646,1.08298833343718,1.08298833343718
1445992446,1.01058111111323,1.01058111111323
1445994246,1.34242611130079,1.34242611130079
1445996046,1,1
1445997846,1.60139666663276,1.60139666663276
1445999646,1.11935499999258,1.11935499999258
1446001446,1.17388944440418,1.17388944440418
1446003246,1.30304111123085,1.30304111123085
1446005046,1,1
1446006846,1.40905888888571,1.40905888888571
1446008646,1,1
1446010446,1.00904888881577,1.00904888881577
1446012246,1.50901833322313,1.50901833322313
1446014046,1,1
1446015846,1.2646149998241,1.2646149998241
1446017646,1,1
1446019446,1.04549833363957,1.04549833363957
1446021246,1.17842222266727,1.17842222266727
1446023046,1,1
1446024846,1.42569111135271,1.42569111135271
1446026646,1,1
1446028446,1.1471088886261,1.1471088886261
1446030246,1.07946055544747,1.07946055544747
1446032046,1.03283166699939,1.03283166699939
1446033846,2.1707088886367,2.1707088886367
1446035646,1,1
1446037446,1.28864333338208,1.28864333338208
1446039246,1.3012944442696,1.3012944442696
1446041046,1.01862611121602,1.01862611121602
1446042846,1.5096666668521,1.5096666668521
1446044646,1,1
1446046446,1.70863333317969,1.70863333317969
1446048246,1.19632166663805,1.19632166663805
1446050046,1.01117944439252,1.01117944439252
1446051846,1.42274444394641,1.42274444394641
1446053646,1,1
1446055446,1.31072222246064,1.31072222246064
1446057246,1.00254555543264,1.00254555543264
1446059046,1.35864666647381,1.35864666647381
1446060846,1.61195722262064,1.61195722262064
1446062646,1,1
1446064446,1.44246222231123,1.44246222231123
1446066246,1.10056833320194,1.10056833320194
1446068046,1.15794555571344,1.15794555571344
1446069846,1.28800444457266,1.28800444457266
1446071646,1,1
1446073446,2.04114277786679,2.04114277786679
1446075246,1,1
1446077046,1.32222444454829,1.32222444454829
1446078846,1.48596499986119,1.48596499986119
1446080646,1,1
1446082446,1.83016222225295,1.83016222225295
1446084246,1.00442222211096,1.00442222211096
1446086046,1.02932000001272,1.02932000001272
1446087846,1.34972000002861,1.34972000002861
1446089646,1,1
1446091446,1.33802777767181,1.33802777767181
1446093246,1,1
1446095046,1.30722277786997,1.30722277786997
1446096846,1.62551611105601,1.62551611105601
1446098646,1,1
1446100446,1.4531005554729,1.4531005554729
1446102246,1.28530388885074,1.28530388885074
1446104046,1,1
1446105846,1.6780355559455,1.6780355559455
1446107646,1.00129111104541,1.00129111104541
1446109446,1.33134388950136,1.33134388950136
1446111246,1.09469555563397,1.09469555563397
1446113046,1,1
1446114846,1.58607222119967,1.58607222119967
1446116646,1,1
1446118446,1.04961499902937,1.04961499902937
1446120246,1.00929222186413,1.00929222186413
1446122046,1.00098888887299,1.00098888887299
1446123846,1.20327611115244,1.20327611115244
1446125646,1,1
1446127446,1.74466444439358,1.74466444439358
1446129246,1.00130722231335,1.00130722231335
1446131046,1.26969166636467,1.26969166636467
1446132846,1.32156277749273,1.32156277749273
1446134646,1,1
1446136446,1.56438055528535,1.56438055528535
1446138246,1,1
1446140046,1.17715444419119,1.17715444419119
1446141846,1.36969611128171,1.36969611128171
1446143646,1,1
1446145446,1.22088222238753,1.22088222238753
1446147246,1,1
1446149046,1.17965944435861,1.17965944435861
1446150846,1.25723999990357,1.25723999990357
1446152646,1.04260555545489,1.04260555545489
1446154446,1.89557611107826,1.89557611107826
1446156246,1,1
1446158046,1.80117722233136,1.80117722233136
1446159846,1.25567388892174,1.25567388892174
1446161646,1.2180288889673,1.2180288889673
1446163446,1.23942500008477,1.23942500008477
1446165246,1,1
1446167046,1.91014333340857,1.91014333340857
1446168846,1.45714888877339,1.45714888877339
1446170646,1.1424488887522,1.1424488887522
1446172446,1.8359255554941,1.8359255554941
1446174246,1,1
1446176046,1.52686388889949,1.52686388889949
1446177846,1.35206055561701,1.35206055561701
1446179646,1.1556216665109,1.1556216665109
1446181446,1.54548722200924,1.54548722200924
1446183246,1,1
1446185046,1.58674888888995,1.58674888888995
1446186846,1.27919333351983,1.27919333351983
1446188646,1.15144444425901,1.15144444425901
1446190446,1.68992777784666,1.68992777784666
1446192246,1,1
1446194046,1.15902666648229,1.15902666648229
1446195846,1.05415500005086,1.05415500005086
1446197646,1.07711222251256,1.07711222251256
1446199446,1.60692055556509,1.60692055556509
1446201246,1,1
1446203046,1.246553333203,1.246553333203
1446204846,1.13588277763791,1.13588277763791
1446206646,1.00500777774387,1.00500777774387
1446208446,1.49510222262806,1.49510222262806
1446210246,1,1
1446212046,1.17675555573569,1.17675555573569
1446213846,1.34186166644096,1.34186166644096
1446215646,1,1
1446217446,2.00771833366818,2.00771833366818
1446219246,1,1
1446221046,1.03276500066121,1.03276500066121
1446222846,0.612380554940967,0.612380554940967
1446224646,0,0
1446226446,0.246774444712533,0.246774444712533
1446228246,0.00137166672282749,0.00137166672282749
1446230046,0.0778994441032409,0.0778994441032409
1446231846,0.290649999777476,0.290649999777476
1446233646,0.00543111072646246,0.00543111072646246
1446235446,0.18966111169921,0.18966111169921
1446237246,0,0
1446239046,0.449096110926734,0.449096110926734
1446240846,0,0
1446242646,0.347442777819104,0.347442777819104
1446244446,5.00016742282444e-06,5.00016742282444e-06
1446246246,0.217024444474114,0.217024444474114
1446248046,0.18366277774175,0.18366277774175
1446249846,0.0200100000699361,0.0200100000699361
1446251646,0.379401111337874,0.379401111337874
1446253446,0,0
1446255246,0.714477777745989,0.714477777745989
1446257046,0.0645144444041778,0.0645144444041778
1446258846,0.0979233332475026,0.0979233332475026
1446260646,0.0802522222201032,0.0802522222201032
1446262446,0.0223688888549805,0.0223688888549805
1446264246,0.168563888867696,0.168563888867696
1446266046,0,0
1446267846,0.37974888894293,0.37974888894293
1446269646,0,0
1446271446,0.427517777681351,0.427517777681351
1446273246,0.304458333386317,0.304458333386317
1446275046,0.010006666580836,0.010006666580836
1446276846,0.507410000032849,0.507410000032849
1446278646,0,0
1446280446,0.559341110785802,0.559341110785802
1446282246,0.00241999997033039,0.00241999997033039
1446284046,0.61177277803421,0.61177277803421
1446285846,0.19095500032107,0.19095500032107
1446287646,0.0683344442314573,0.0683344442314573
1446289446,1.19778944386376,1.19778944386376
1446291246,0,0
1446293046,0.426502776808209,0.426502776808209
1446294846,0.159612222247654,0.159612222247654
1446296646,0.0235600001282162,0.0235600001282162
1446298446,0.0279488892025417,0.0279488892025417
1446300246,0,0
1446302046,0.399318888982137,0.399318888982137
1446303846,0,0
1446305646,0.188138333161672,0.188138333161672
1446307446,0.322661111089919,0.322661111089919
1446309246,0.142466666168637,0.142466666168637
1446311046,0.800511666933698,0.800511666933698
1446312846,0,0
1446314646,0.973946666717529,0.973946666717529
1446316446,0.197552777528763,0.197552777528763
1446318246,0.16832833316591,0.16832833316591
1446320046,0.355923333035575,0.355923333035575
1446321846,0,0
1446323646,0.706568333705265,0.706568333705265
1446325446,0,0
1446327246,0.0824094443851048,0.0824094443851048
1446329046,0.339951111343172,0.339951111343172
1446330846,0,0
1446332646,0.495398332940208,0.495398332940208
1446334446,0,0
1446336246,0.53055944442749,0.53055944442749
1446338046,0.159239444335301,0.159239444335301
1446339846,0.0927788888083564,0.0927788888083564
1446341646,0.173226111200121,0.173226111200121
1446343446,0,0
1446345246,0.652779999838935,0.652779999838935
1446347046,0.195409999953378,0.195409999953378
1446348846,0.180557222233878,0.180557222233878
1446350646,0.545863889058433,0.545863889058433
1446352446,0,0
1446354246,0.459491666687859,0.459491666687859
1446356046,0.0637416667408411,0.0637416667408411
1446357846,0.170598333411747,0.170598333411747
1446359646,0.508720000187556,0.508720000187556
1446361446,0,0
1446363246,0.794190555546019,0.794190555546019
1446365046,0.100262222290039,0.100262222290039
1446366846,0.302665000226763,0.302665000226763
1446368646,0.46351777765486,0.46351777765486
1446370446,0,0
1446372246,0.731112777921888,0.731112777921888
1446374046,0.0111144444677565,0.0111144444677565
1446375846,0.265292222102483,0.265292222102483
1446377646,0.209453888734182,0.209453888734182
1446379446,0,0
1446381246,0.0489383335908254,0.0489383335908254
1446383046,0.00145722217029995,0.00145722217029995
1446384846,0.0107211116949717,0.0107211116949717
1446386646,0.366698888805178,0.366698888805178
1446388446,0,0
1446390246,0.267892777919769,0.267892777919769
1446392046,0.0727711114618511,0.0727711114618511
1446393846,0.219901666641235,0.219901666641235
1446395646,0.275724999639723,0.275724999639723
1446397446,0,0
1446399246,0.947262222104602,0.947262222104602
1446401046,0.206383333206177,0.206383333206177
1446402846,0,0
1446404646,0.516592222319709,0.516592222319709
1446406446,2.77770890129937e-06,2.77770890129937e-06
1446408246,0.0407277778784435,0.0407277778784435
1446410046,0.00856833325492011,0.00856833325492011
1446411846,0,0
1446413646,0.00243944419754876,0.00243944419754876
1446415446,0.172337777614594,0.172337777614594
1446417246,0,0
1446419046,0.260785000191795,0.260785000191795
1446420846,0.0857683334085679,0.0857683334085679
1446422646,0,0
1446424446,0.0212722223334842,0.0212722223334842
1446426246,1.11103057861328e-06,1.11103057861328e-06
1446428046,0,0
1446429846,0.16939666695065,0.16939666695065
1446431646,0,0
1446433446,0.0805555555555556,0.0805555555555556
1446435246,0.515216666724947,0.515216666724947
1446437046,0,0
1446438846,0.119071110884348,0.119071110884348
1446440646,0.169349999957614,0.169349999957614
1446442446,0,0
1446444246,0.119737222194672,0.119737222194672
1446446046,0.251225000090069,0.251225000090069
1446447846,0,0
1446449646,0.207212222284741,0.207212222284741
1446451446,0.308676111168332,0.308676111168332
1446453246,0,0
1446455046,0.193448889387979,0.193448889387979
1446456846,3.33335664537218e-06,3.33335664537218e-06
1446458646,0,0
1446460446,0.865015555620194,0.865015555620194
1446462246,0,0
1446464046,0.0298111108938853,0.0298111108938853
1446465846,0.0310011108716329,0.0310011108716329
1446467646,0,0
1446469446,0.366523888773388,0.366523888773388
1446471246,0.220606666141086,0.220606666141086
1446473046,0,0
1446474846,0.0281172225210402,0.0281172225210402
1446476646,0.181945555475023,0.181945555475023
1446478446,0,0
1446480246,0.420717777676052,0.420717777676052
1446482046,0.414532777071,0.414532777071
1446483846,0,0
1446485646,0.198819999827279,0.198819999827279
1446487446,0.576156110763549,0.576156110763549
1446489246,0,0
1446491046,0.418962222205269,0.418962222205269
1446492846,0.751046667363908,0.751046667363908
1446494646,0,0
1446496446,0.389822222391764,0.389822222391764
1446498246,1.18899333397547,1.18899333397547
1446500046,0,0
1446501846,0.120584999985165,0.120584999985165
1446503646,0.175070555739933,0.175070555739933
1446505446,0,0
1446507246,0.405425555706024,0.405425555706024
1446509046,0.305558333264457,0.305558333264457
1446510846,0,0
1446512646,0.610000555515289,0.610000555515289
1446514446,0.173417777750228,0.173417777750228
1446516246,0,0
1446518046,0.305877222087648,0.305877222087648
1446519846,0.0399822221861944,0.0399822221861944
1446521646,0.00222222222222222,0.00222222222222222
1446523446,0.409051666789585,0.409051666789585
1446525246,0,0
1446527046,0.0127449999915229,0.0127449999915229
1446528846,0.340687222348319,0.340687222348319
1446530646,0,0
1446532446,0.308494444688161,0.308494444688161
1446534246,0.497749443981381,0.497749443981381
1446536046,0,0
1446537846,0.460428332885106,0.460428332885106
1446539646,0.372296667496365,0.372296667496365
1446541446,0,0
1446543246,0.717929444313049,0.717929444313049
1446545046,0.600121666590374,0.600121666590374
1446546846,0,0
1446548646,0.512581667370266,0.512581667370266
1446550446,0.0737516669432322,0.0737516669432322
1446552246,0,0.378594156870154
